City_ID,City,Lat,Lng,Max Temp,Humidity,Cloudiness,Wind Speed,Country,Date
0,Mount Gambier,-37.8333,140.7667,51.1,99,100,3.83,AU,2022-10-12 15:46:09
1,Bengkulu,-3.8004,102.2655,76.39,85,100,3.98,ID,2022-10-12 15:46:10
2,Rikitea,-23.1203,-134.9692,68.47,67,53,17.22,PF,2022-10-12 15:46:10
3,Khatanga,71.9667,102.5,29.7,95,100,5.23,RU,2022-10-12 15:46:10
4,Petropavlovsk-Kamchatskiy,53.0452,158.6483,41.59,100,100,8.95,RU,2022-10-12 15:46:11
5,Sistranda,63.7256,8.834,48.16,63,100,5.41,NO,2022-10-12 15:46:11
6,Kapaa,22.0752,-159.319,76.98,94,0,3.44,US,2022-10-12 15:46:12
7,Mataura,-46.1927,168.8643,38.43,89,55,2.39,NZ,2022-10-12 15:46:12
8,Fram,-26.9833,-55.8833,68.59,52,21,2.44,PY,2022-10-12 15:46:13
9,Wahiawa,21.5028,-158.0236,73.72,90,75,0.0,US,2022-10-12 15:42:27
10,Esperance,-33.8667,121.9,54.1,69,100,19.6,AU,2022-10-12 15:46:13
11,Souillac,-20.5167,57.5167,71.98,73,75,11.5,MU,2022-10-12 15:46:14
12,Mitsamiouli,-11.3847,43.2844,79.09,69,20,4.61,KM,2022-10-12 15:46:14
13,Saint-Philippe,-21.3585,55.7679,72.99,75,24,9.93,RE,2022-10-12 15:46:14
14,Yeppoon,-23.1333,150.7333,64.18,81,17,15.39,AU,2022-10-12 15:46:15
15,Qui Nhon,13.7667,109.2333,77.95,82,98,16.51,VN,2022-10-12 15:46:15
16,Arraial Do Cabo,-22.9661,-42.0278,78.66,73,40,10.36,BR,2022-10-12 15:46:16
17,Dikson,73.5069,80.5464,29.43,70,100,9.53,RU,2022-10-12 15:46:16
18,Shwebo,22.5667,95.7,77.67,81,3,4.54,MM,2022-10-12 15:46:17
19,New Norfolk,-42.7826,147.0587,58.5,71,100,3.0,AU,2022-10-12 15:46:17
20,Cabedelo,-6.9811,-34.8339,86.67,65,66,19.22,BR,2022-10-12 15:44:30
21,Zhigansk,66.7697,123.3711,25.14,94,99,16.6,RU,2022-10-12 15:46:17
22,Natchez,31.5604,-91.4032,80.04,76,100,11.5,US,2022-10-12 15:46:18
23,Mar Del Plata,-38.0023,-57.5575,72.88,47,0,17.27,AR,2022-10-12 15:46:18
24,Henties Bay,-22.116,14.2845,64.06,77,15,12.08,NA,2022-10-12 15:46:19
25,Kloulklubed,7.0419,134.2556,77.5,82,100,10.89,PW,2022-10-12 15:46:19
26,Punta Arenas,-53.15,-70.9167,39.31,75,20,40.29,CL,2022-10-12 15:44:59
27,Hokitika,-42.7167,170.9667,47.61,87,90,3.02,NZ,2022-10-12 15:46:19
28,Qaanaaq,77.484,-69.3632,8.1,65,0,7.76,GL,2022-10-12 15:46:20
29,Thompson,55.7435,-97.8558,33.96,93,100,13.8,CA,2022-10-12 15:45:55
30,Kavieng,-2.5744,150.7967,81.5,74,100,3.04,PG,2022-10-12 15:46:20
31,Moerai,-22.4333,-151.3333,70.3,67,100,17.6,PF,2022-10-12 15:46:20
32,Puerto Leguizamo,-0.1934,-74.7819,86.97,50,99,4.14,CO,2022-10-12 15:46:21
33,Butaritari,3.0707,172.7902,81.97,77,78,20.02,KI,2022-10-12 15:46:21
34,Avarua,-21.2078,-159.775,75.25,94,75,13.8,CK,2022-10-12 15:46:22
35,Salalah,17.0151,54.0924,80.69,83,40,4.61,OM,2022-10-12 15:46:06
36,Albany,42.6001,-73.9662,66.94,64,74,3.0,US,2022-10-12 15:45:37
37,Nome,64.5011,-165.4064,30.27,81,100,6.91,US,2022-10-12 15:46:23
38,Atuona,-9.8,-139.0333,76.68,81,34,17.36,PF,2022-10-12 15:46:23
39,Ushuaia,-54.8,-68.3,37.06,93,100,20.71,AR,2022-10-12 15:46:23
40,Biltine,14.5333,20.9167,95.79,16,15,9.19,TD,2022-10-12 15:46:24
41,Lagoa,39.05,-27.9833,70.66,80,1,7.14,PT,2022-10-12 15:46:24
42,Bluff,-46.6,168.3333,44.71,76,90,4.32,NZ,2022-10-12 15:46:25
43,Inhambane,-23.865,35.3833,80.58,83,0,7.0,MZ,2022-10-12 15:46:25
44,Oktyabrskoye,43.0645,44.7417,50.14,66,40,2.24,RU,2022-10-12 15:46:25
45,Srednekolymsk,67.45,153.6833,7.61,92,100,3.94,RU,2022-10-12 15:46:26
46,Tuktoyaktuk,69.4541,-133.0374,28.4,80,75,10.36,CA,2022-10-12 15:46:26
47,Constitucion,-35.3333,-72.4167,59.83,67,82,19.17,CL,2022-10-12 15:47:26
48,Puerto Ayora,-0.7393,-90.3518,73.36,89,100,7.0,EC,2022-10-12 15:47:27
49,Pevek,69.7008,170.3133,21.16,81,88,7.63,RU,2022-10-12 15:47:27
50,Quatre Cocos,-20.2078,57.7625,72.09,70,10,16.13,MU,2022-10-12 15:47:27
51,Busselton,-33.65,115.3333,47.44,78,15,5.23,AU,2022-10-12 15:47:28
52,Korla,41.7597,86.1469,50.95,42,0,4.14,CN,2022-10-12 15:47:28
53,Hobart,-42.8794,147.3294,58.86,87,100,16.11,AU,2022-10-12 15:47:09
54,Waingapu,-9.6567,120.2641,79.18,77,93,5.17,ID,2022-10-12 15:47:29
55,Iqaluit,63.7506,-68.5145,28.13,80,100,9.22,CA,2022-10-12 15:47:29
56,Jining,35.405,116.5814,55.31,62,77,5.82,CN,2022-10-12 15:47:30
57,Saint-Pierre,-21.3393,55.4781,73.08,64,0,19.57,RE,2022-10-12 15:47:30
58,Faya,18.3851,42.4509,66.31,36,8,4.5,SA,2022-10-12 15:47:31
59,Shenjiamen,29.9576,122.298,68.2,62,25,12.35,CN,2022-10-12 15:47:31
60,Agirish,61.9247,63.0231,40.55,88,98,5.48,RU,2022-10-12 15:47:31
61,Nikolskoye,59.7035,30.7861,46.29,84,19,5.06,RU,2022-10-12 15:47:32
62,Plettenberg Bay,-34.0527,23.3716,66.2,89,100,5.14,ZA,2022-10-12 15:47:32
63,Paamiut,61.994,-49.6678,28.58,52,16,13.67,GL,2022-10-12 15:47:33
64,Salina,38.8403,-97.6114,63.01,49,0,11.5,US,2022-10-12 15:45:33
65,Severo-Kurilsk,50.6789,156.125,42.87,94,99,43.82,RU,2022-10-12 15:47:33
66,Porto Novo,6.4965,2.6036,82.22,76,100,7.7,BJ,2022-10-12 15:47:33
67,Lavrentiya,65.5833,-171.0,24.85,65,10,5.37,RU,2022-10-12 15:47:34
68,Nelson Bay,-32.7167,152.15,62.01,89,83,8.99,AU,2022-10-12 15:47:34
69,Katima Mulilo,-17.5,24.2667,89.83,14,50,10.02,NA,2022-10-12 15:47:35
70,Comodoro Rivadavia,-45.8667,-67.5,53.46,28,40,26.46,AR,2022-10-12 15:46:16
71,Mandalgovi,45.7625,106.2708,37.44,59,3,6.98,MN,2022-10-12 15:47:35
72,Barrow,71.2906,-156.7887,26.62,93,100,18.41,US,2022-10-12 15:47:36
73,Carnarvon,-24.8667,113.6333,65.26,45,0,22.93,AU,2022-10-12 15:47:36
74,Saskylakh,71.9167,114.0833,24.01,96,98,3.09,RU,2022-10-12 15:47:36
75,Katangi,23.45,79.7833,78.06,84,44,4.68,IN,2022-10-12 15:47:37
76,Rifu,38.3236,140.9744,57.13,71,100,6.33,JP,2022-10-12 15:47:37
77,Pisco,-13.7,-76.2167,64.02,77,20,9.22,PE,2022-10-12 15:47:38
78,Banda Aceh,5.5577,95.3222,79.7,79,97,7.92,ID,2022-10-12 15:47:38
79,Santiago,-33.4569,-70.6483,74.98,44,0,5.75,CL,2022-10-12 15:47:03
80,San Cristobal,7.7669,-72.225,80.78,43,52,6.58,VE,2022-10-12 15:47:39
81,Alamo,20.9167,-97.6833,78.44,72,73,8.19,MX,2022-10-12 15:47:39
82,Tasiilaq,65.6145,-37.6368,33.96,93,100,2.64,GL,2022-10-12 15:47:39
83,Dudinka,69.4058,86.1778,33.62,98,100,7.56,RU,2022-10-12 15:47:40
84,Vaini,-21.2,-175.2,68.16,100,75,3.44,TO,2022-10-12 15:47:40
85,Caravelas,-17.7125,-39.2481,83.48,51,69,10.02,BR,2022-10-12 15:47:40
86,Port Alfred,-33.5906,26.891,69.19,88,97,1.01,ZA,2022-10-12 15:47:41
87,Kagoro,9.6,8.3833,76.69,69,95,3.65,NG,2022-10-12 15:47:41
88,Nong Phai,15.9903,101.0618,74.79,89,27,1.77,TH,2022-10-12 15:47:42
89,Kalmunai,7.4167,81.8167,79.21,85,46,6.13,LK,2022-10-12 15:47:42
90,Bandarbeyla,9.4942,50.8122,78.21,84,0,9.15,SO,2022-10-12 15:47:42
91,Rudbar,30.15,62.6,74.23,9,0,5.93,AF,2022-10-12 15:47:43
92,Port Elizabeth,-33.918,25.5701,72.1,91,20,12.66,ZA,2022-10-12 15:47:43
93,Dabakala,8.3667,-4.4333,86.23,60,39,4.0,CI,2022-10-12 15:47:44
94,Patea,-39.7583,174.4833,51.84,98,100,5.01,NZ,2022-10-12 15:47:44
95,Longyearbyen,78.2186,15.6401,33.64,69,75,6.91,SJ,2022-10-12 15:47:44
96,Kang,-23.6752,22.7876,88.61,11,24,8.77,BW,2022-10-12 15:48:45
97,Vernon,50.2581,-119.2691,44.13,81,7,1.14,CA,2022-10-12 15:44:48
98,Victoria,22.2855,114.1577,78.33,72,70,3.0,HK,2022-10-12 15:46:39
99,Noumea,-22.2763,166.4572,67.98,85,53,10.02,NC,2022-10-12 15:48:45
100,Siclong,15.5808,121.2239,74.95,95,100,3.85,PH,2022-10-12 15:48:46
101,Ponta Do Sol,32.6667,-17.1,77.0,68,32,2.19,PT,2022-10-12 15:48:46
102,Barra Do Corda,-5.5,-45.25,103.35,16,56,6.06,BR,2022-10-12 15:48:47
103,Port Blair,11.6667,92.75,77.04,88,40,2.3,IN,2022-10-12 15:48:47
104,Sorong,-0.8833,131.25,78.39,88,87,6.93,ID,2022-10-12 15:48:47
105,Cabo San Lucas,22.8909,-109.9124,85.51,60,3,7.92,MX,2022-10-12 15:48:43
106,Atar,20.5169,-13.0499,100.62,16,73,14.97,MR,2022-10-12 15:48:48
107,Adelaide,-34.9333,138.6,55.85,89,75,5.75,AU,2022-10-12 15:45:54
108,Storm Lake,42.6411,-95.2097,58.24,38,0,21.85,US,2022-10-12 15:48:49
109,Anqing,30.5092,117.0506,57.63,72,50,4.97,CN,2022-10-12 15:48:49
110,Sakakah,29.9697,40.2064,90.97,16,0,7.14,SA,2022-10-12 15:48:11
111,Gidam,18.9833,81.4,72.81,94,99,1.01,IN,2022-10-12 15:48:50
112,Yar-Sale,66.8333,70.8333,37.56,79,72,4.9,RU,2022-10-12 15:48:50
113,Chumikan,54.7183,135.315,40.8,65,98,20.11,RU,2022-10-12 15:48:50
114,Aksu,41.1231,80.2644,54.81,32,2,7.45,CN,2022-10-12 15:48:51
115,Salto,-31.3833,-57.9667,73.56,33,0,4.47,UY,2022-10-12 15:48:51
116,Bonavista,48.6499,-53.1147,48.51,69,69,9.46,CA,2022-10-12 15:48:52
117,Namibe,-15.1961,12.1522,72.86,78,6,9.6,AO,2022-10-12 15:48:52
118,Sijunjung,-0.6876,100.9537,72.79,95,100,1.99,ID,2022-10-12 15:48:52
119,Karpathos,35.507,27.2132,71.56,68,20,27.63,GR,2022-10-12 15:48:53
120,Hovd,48.0056,91.6419,38.08,35,12,2.04,MN,2022-10-12 15:48:53
121,Barhi,23.9,80.8,73.09,85,30,3.02,IN,2022-10-12 15:48:53
122,Cape Town,-33.9258,18.4232,68.88,73,20,20.71,ZA,2022-10-12 15:47:10
123,Luba,3.4568,8.5547,84.09,88,78,7.25,GQ,2022-10-12 15:48:54
124,Fortuna,40.5982,-124.1573,48.54,51,0,1.05,US,2022-10-12 15:48:51
125,Bredasdorp,-34.5322,20.0403,67.23,70,16,8.48,ZA,2022-10-12 15:48:55
126,Half Moon Bay,37.4636,-122.4286,60.87,91,100,5.75,US,2022-10-12 15:47:15
127,Muros,42.7762,-9.0603,75.83,63,54,11.59,ES,2022-10-12 15:48:55
128,Mehamn,71.0357,27.8492,46.35,81,75,19.57,NO,2022-10-12 15:48:56
129,Bonfim,3.0833,-59.95,92.46,44,37,2.95,BR,2022-10-12 15:48:56
130,Pimentel,-6.8367,-79.9342,68.29,68,40,6.91,PE,2022-10-12 15:48:56
131,Nadapuram,11.7,75.6667,77.2,88,97,2.17,IN,2022-10-12 15:48:57
132,Thinadhoo,0.5333,72.9333,81.46,78,84,14.65,MV,2022-10-12 15:48:57
133,Lufilufi,-13.8745,-171.5986,74.98,78,96,12.93,WS,2022-10-12 15:48:58
134,Mahebourg,-20.4081,57.7,72.25,73,75,11.5,MU,2022-10-12 15:48:58
135,Castro,-24.7911,-50.0119,64.09,86,100,7.38,BR,2022-10-12 15:48:58
136,Vestmannaeyjar,63.4427,-20.2734,47.39,76,20,9.22,IS,2022-10-12 15:48:59
137,Padang,-0.9492,100.3543,77.05,84,96,3.13,ID,2022-10-12 15:48:59
138,Kodiak,57.79,-152.4072,42.31,56,100,14.97,US,2022-10-12 15:49:00
139,Ancud,-41.8697,-73.8203,48.94,60,67,18.41,CL,2022-10-12 15:49:00
140,Ribeira Grande,38.5167,-28.7,75.6,73,40,7.0,PT,2022-10-12 15:50:01
141,Norman Wells,65.282,-126.8329,17.64,93,75,2.3,CA,2022-10-12 15:50:01
142,Emba,48.8264,58.1442,53.96,43,76,4.54,KZ,2022-10-12 15:50:02
143,Heihe,50.2441,127.4902,50.58,61,100,7.76,CN,2022-10-12 15:50:04
144,Salinopolis,-0.6136,-47.3561,83.97,71,98,13.47,BR,2022-10-12 15:45:59
145,Bonthe,7.5264,-12.505,77.11,82,100,11.05,SL,2022-10-12 15:50:05
146,Ulaangom,49.9811,92.0667,39.7,62,92,1.34,MN,2022-10-12 15:50:05
147,Upernavik,72.7868,-56.1549,16.14,73,27,5.32,GL,2022-10-12 15:50:06
148,Adrar,20.5022,-10.0711,97.21,17,99,11.54,MR,2022-10-12 15:50:06
149,Saint-Francois,46.4154,3.9054,69.24,64,20,3.44,FR,2022-10-12 15:50:07
150,Opuwo,-18.0607,13.84,94.19,9,89,9.17,NA,2022-10-12 15:50:07
151,Chuy,-33.6971,-53.4616,66.61,44,0,6.11,UY,2022-10-12 15:50:08
152,Portland,45.5234,-122.6762,60.69,84,20,4.0,US,2022-10-12 15:49:42
153,The Pas,53.8251,-101.2541,37.42,70,100,26.46,CA,2022-10-12 15:46:06
154,Khorixas,-20.3667,14.9667,95.67,8,76,9.06,NA,2022-10-12 15:50:08
155,Jamestown,42.097,-79.2353,64.02,50,100,8.01,US,2022-10-12 15:50:09
156,Kyle,29.9984,-97.8715,84.33,76,20,13.8,US,2022-10-12 15:50:09
157,Dodoma,-6.1722,35.7395,80.51,32,0,13.8,TZ,2022-10-12 15:50:10
158,Sao Filipe,14.8961,-24.4956,81.09,77,2,6.89,CV,2022-10-12 15:50:10
159,Lebu,-37.6167,-73.65,53.98,66,93,11.3,CL,2022-10-12 15:50:10
160,Faanui,-16.4833,-151.75,78.1,77,8,15.26,PF,2022-10-12 15:50:11
161,Nhulunbuy,-12.2333,136.7667,79.41,89,24,0.0,AU,2022-10-12 15:50:11
162,Kailua,21.4022,-157.7394,76.98,88,40,1.01,US,2022-10-12 15:48:09
163,Uniontown,39.9001,-79.7164,68.94,46,100,1.99,US,2022-10-12 15:50:12
164,Kyren,51.6828,102.1408,37.92,60,19,3.51,RU,2022-10-12 15:50:12
165,Logansport,40.7545,-86.3567,66.85,55,40,13.8,US,2022-10-12 15:50:13
166,Gushikawa,26.3544,127.8686,76.23,81,75,5.75,JP,2022-10-12 15:50:13
167,Okhotsk,59.3833,143.3,30.22,70,0,12.03,RU,2022-10-12 15:50:13
168,Poum,-20.2333,164.0167,75.42,74,17,8.7,NC,2022-10-12 15:50:14
169,Olinda,-8.0089,-34.8553,82.13,65,40,13.8,BR,2022-10-12 15:45:53
170,Ilek,51.5271,53.3831,51.21,82,88,8.61,RU,2022-10-12 15:50:14
171,Izhma,65.0083,53.9113,42.73,81,81,7.78,RU,2022-10-12 15:50:15
172,Cidreira,-30.1811,-50.2056,65.62,79,100,6.69,BR,2022-10-12 15:50:15
173,Viedma,-40.8135,-62.9967,67.73,25,62,16.33,AR,2022-10-12 15:45:47
174,Shu,43.5983,73.7614,58.23,18,0,3.8,KZ,2022-10-12 15:50:16
175,Boa Vista,2.8197,-60.6733,85.98,62,75,5.75,BR,2022-10-12 15:50:16
176,Kruisfontein,-34.0033,24.7314,69.89,70,100,10.18,ZA,2022-10-12 15:50:16
177,Uyuni,-20.4597,-66.825,51.39,8,0,20.38,BO,2022-10-12 15:50:17
178,Erdenet,49.0333,104.0833,33.3,64,14,4.72,MN,2022-10-12 15:50:17
179,Sao Miguel Do Araguaia,-13.275,-50.1628,100.74,16,16,10.63,BR,2022-10-12 15:50:17
180,Kortkeros,61.8106,51.5806,42.8,87,100,3.76,RU,2022-10-12 15:50:18
181,Ardakan,32.31,54.0175,79.59,12,0,4.21,IR,2022-10-12 15:50:18
182,Coquimbo,-29.9533,-71.3436,60.53,72,20,6.91,CL,2022-10-12 15:50:19
183,Lompoc,34.6391,-120.4579,60.53,97,100,1.99,US,2022-10-12 15:50:19
184,Sai Buri,6.7013,101.6168,78.04,85,100,5.12,TH,2022-10-12 15:50:19
185,East London,-33.0153,27.9116,70.74,88,75,10.36,ZA,2022-10-12 15:51:20
186,San Patricio,28.017,-97.5169,88.88,61,3,5.84,US,2022-10-12 15:51:20
187,Pemangkat,1.1667,108.9667,79.45,83,100,8.32,ID,2022-10-12 15:51:21
188,Champasak,14.75,106.0,71.26,89,95,1.83,LA,2022-10-12 15:51:21
189,Paka,4.6374,103.4368,78.73,94,100,0.0,MY,2022-10-12 15:51:22
190,Codrington,-38.2667,141.9667,53.02,96,100,3.29,AU,2022-10-12 15:51:22
191,Chokurdakh,70.6333,147.9167,3.45,91,43,4.83,RU,2022-10-12 15:51:22
192,Zabid,14.1951,43.3152,89.02,54,5,6.4,YE,2022-10-12 15:51:23
193,Nouadhibou,20.931,-17.0347,87.78,42,70,10.36,MR,2022-10-12 15:51:23
194,Bambous Virieux,-20.3428,57.7575,72.21,73,75,11.5,MU,2022-10-12 15:51:24
195,Hermanus,-34.4187,19.2345,68.81,88,16,9.46,ZA,2022-10-12 15:51:24
196,Magrath,49.4167,-112.8686,44.92,70,36,8.05,CA,2022-10-12 15:51:24
197,Yendi,9.4427,-0.0099,89.73,54,14,2.84,GH,2022-10-12 15:51:25
198,Puerto Ayacucho,5.6639,-67.6236,88.39,60,43,2.1,VE,2022-10-12 15:51:25
199,Komsomolskiy,40.4272,71.7189,59.72,44,0,4.61,UZ,2022-10-12 15:51:25
200,Ejura,7.3856,-1.3562,85.32,68,60,4.29,GH,2022-10-12 15:51:26
201,Luderitz,-26.6481,15.1594,65.34,73,97,11.74,NA,2022-10-12 15:51:26
202,Juneau,58.3019,-134.4197,49.21,97,100,12.66,US,2022-10-12 15:50:59
203,Port Hardy,50.6996,-127.4199,39.38,100,20,2.3,CA,2022-10-12 15:51:27
204,Kurush,41.2841,47.8345,34.29,91,96,8.63,RU,2022-10-12 15:51:27
205,Yellowknife,62.456,-114.3525,32.56,59,75,23.02,CA,2022-10-12 15:49:00
206,Bethel,41.3712,-73.414,70.16,53,0,6.91,US,2022-10-12 15:51:28
207,Podosinovets,60.2776,47.0659,42.3,85,100,3.13,RU,2022-10-12 15:51:28
208,Mount Isa,-20.7333,139.5,80.37,61,0,6.91,AU,2022-10-12 15:51:29
209,Nagato,34.3833,131.2,61.03,81,0,6.67,JP,2022-10-12 15:50:49
210,Waipawa,-41.4122,175.5153,46.33,95,100,5.86,NZ,2022-10-12 15:51:29
211,Honningsvag,70.9821,25.9704,46.15,81,75,24.16,NO,2022-10-12 15:51:30
212,Luanda,-8.8368,13.2343,80.6,74,20,9.22,AO,2022-10-12 15:49:03
213,Tual,-5.6667,132.75,83.52,72,18,10.98,ID,2022-10-12 15:51:30
214,Cambuci,-21.5753,-41.9111,95.02,30,30,4.0,BR,2022-10-12 15:51:30
215,Kitimat,54.0524,-128.6534,43.92,27,71,3.4,CA,2022-10-12 15:51:31
216,Vila Franca Do Campo,37.7167,-25.4333,73.81,72,45,4.07,PT,2022-10-12 15:51:31
217,Whitehorse,60.7161,-135.0538,42.1,79,100,5.75,CA,2022-10-12 15:51:32
218,Hithadhoo,-0.6,73.0833,80.51,80,99,11.88,MV,2022-10-12 15:51:32
219,Campbell River,50.0163,-125.2446,56.44,100,75,4.61,CA,2022-10-12 15:51:33
220,Nikolayevsk-Na-Amure,53.1406,140.73,33.49,85,17,4.41,RU,2022-10-12 15:51:33
221,Ostercappeln,52.35,8.2333,58.15,56,53,4.9,DE,2022-10-12 15:51:34
222,Acajutla,13.5928,-89.8275,83.55,73,48,6.13,SV,2022-10-12 15:51:34
223,Panzhihua,26.5851,101.7128,66.96,87,77,0.69,CN,2022-10-12 15:47:50
224,Omboue,-1.5746,9.2618,80.2,77,60,10.02,GA,2022-10-12 15:51:35
225,Daru,-9.0763,143.2092,78.67,87,100,12.73,PG,2022-10-12 15:51:35
226,Zaozerne,45.1582,33.2787,59.41,33,46,8.48,UA,2022-10-12 15:51:36
227,Bathsheba,13.2167,-59.5167,88.41,74,20,19.57,BB,2022-10-12 15:52:36
228,College,64.8569,-147.8028,27.07,94,100,3.44,US,2022-10-12 15:52:36
229,Traverse City,44.7631,-85.6206,62.71,83,100,12.66,US,2022-10-12 15:47:47
230,Leningradskiy,69.3833,178.4167,18.52,76,97,13.22,RU,2022-10-12 15:52:37
231,Hofn,64.2539,-15.2082,46.42,71,20,11.5,IS,2022-10-12 15:52:37
232,Avera,33.194,-82.5271,78.31,66,99,10.92,US,2022-10-12 15:52:38
233,Te Anau,-45.4167,167.7167,37.67,92,59,2.42,NZ,2022-10-12 15:52:38
234,Usinsk,65.9939,57.5281,40.46,86,58,15.3,RU,2022-10-12 15:52:39
235,Naryan-Mar,67.6713,53.087,41.5,85,99,13.6,RU,2022-10-12 15:52:39
236,Byron Bay,-28.65,153.6167,57.94,83,100,8.84,AU,2022-10-12 15:52:39
237,Gangtok,27.3333,88.6167,58.15,92,81,2.89,IN,2022-10-12 15:52:40
238,Mountain Home,43.133,-115.6912,53.08,50,0,9.22,US,2022-10-12 15:52:40
239,Vardo,70.3705,31.1107,42.78,81,0,18.41,NO,2022-10-12 15:52:40
240,Dalianwan,39.0286,121.695,50.04,87,0,0.0,CN,2022-10-12 15:52:41
241,Nabire,-3.3667,135.4833,76.01,92,100,4.45,ID,2022-10-12 15:52:41
242,Makinsk,52.6292,70.4169,47.19,52,100,7.18,KZ,2022-10-12 15:52:42
243,Vila Velha,-20.3297,-40.2925,87.75,55,20,17.27,BR,2022-10-12 15:52:42
244,Bayonet Point,28.3267,-82.6834,85.28,80,100,1.99,US,2022-10-12 15:52:42
245,Kemijarvi,66.7131,27.4306,36.88,87,61,8.37,FI,2022-10-12 15:52:43
246,Mersing,2.4312,103.8405,78.71,89,40,1.14,MY,2022-10-12 15:52:43
247,Hay River,60.8156,-115.7999,30.18,69,40,19.57,CA,2022-10-12 15:52:44
248,Mahanoro,-19.9,48.8,70.45,76,0,4.23,MG,2022-10-12 15:52:44
249,Bonanza,14.0289,-84.591,85.69,60,49,4.34,NI,2022-10-12 15:52:44
250,Saldanha,-33.0117,17.9442,66.25,83,91,22.84,ZA,2022-10-12 15:52:45
251,Cap Malheureux,-19.9842,57.6142,72.46,64,0,5.01,MU,2022-10-12 15:52:45
252,Kipini,-2.5257,40.5262,77.29,77,5,15.79,KE,2022-10-12 15:52:45
253,Kozhva,65.1073,57.0459,40.84,86,93,7.78,RU,2022-10-12 15:52:46
254,Kondinskoye,59.6481,67.41,40.33,76,57,5.48,RU,2022-10-12 15:52:46
255,Flinders,-34.5833,150.8552,62.38,81,100,5.99,AU,2022-10-12 15:52:46
256,Thunder Bay,48.4001,-89.3168,49.98,93,100,9.22,CA,2022-10-12 15:52:47
257,Snezhnogorsk,69.1933,33.2531,38.98,77,100,18.43,RU,2022-10-12 15:52:47
258,Tura,25.5198,90.2201,70.88,96,67,3.74,IN,2022-10-12 15:52:47
259,Grindavik,63.8424,-22.4338,46.87,76,75,17.27,IS,2022-10-12 15:52:48
260,Hastings,50.8552,0.5729,62.35,80,56,15.35,GB,2022-10-12 15:49:53
261,Linxia,35.6003,103.2064,45.5,74,100,2.37,CN,2022-10-12 15:52:48
262,Provideniya,64.3833,-173.3,24.91,74,3,4.23,RU,2022-10-12 15:52:49
263,Srandakan,-7.9386,110.2506,76.35,89,33,4.38,ID,2022-10-12 15:52:49
264,Haverhill,42.7762,-71.0773,73.99,56,0,4.0,US,2022-10-12 15:52:50
265,Pallisa,1.145,33.7094,76.37,56,75,4.34,UG,2022-10-12 15:52:50
266,Sao Jose Da Coroa Grande,-8.8978,-35.1478,81.73,60,97,12.01,BR,2022-10-12 15:52:50
267,Camocim,-2.9022,-40.8411,93.31,43,60,13.02,BR,2022-10-12 15:52:51
268,Guerrero Negro,27.9769,-114.0611,70.63,74,98,12.01,MX,2022-10-12 15:52:51
269,Buin,-33.7333,-70.75,75.87,38,1,2.35,CL,2022-10-12 15:52:52
270,Ilulissat,69.2167,-51.1,26.49,77,71,2.53,GL,2022-10-12 15:52:52
271,Killarney,52.05,-9.5167,55.45,82,20,6.91,IE,2022-10-12 15:52:52
272,Napanee,44.2501,-76.9494,64.9,54,100,11.52,CA,2022-10-12 15:52:53
273,Huilong,31.8111,121.655,62.92,70,24,8.68,CN,2022-10-12 15:52:53
274,Lethem,3.3803,-59.7968,91.45,58,20,13.8,GY,2022-10-12 15:53:54
275,Airai,-8.9266,125.4092,60.91,91,97,1.68,TL,2022-10-12 15:53:54
276,Piracuruca,-3.9281,-41.7092,104.34,17,59,7.34,BR,2022-10-12 15:51:42
277,Laguna,38.421,-121.4238,73.09,85,0,3.44,US,2022-10-12 15:53:54
278,Xining,36.6167,101.7667,41.56,54,100,4.61,CN,2022-10-12 15:53:55
279,Linjiang,41.8069,126.9078,44.83,82,74,1.72,CN,2022-10-12 15:53:55
280,Sitka,57.0531,-135.33,51.76,91,100,7.14,US,2022-10-12 15:53:56
281,Isangel,-19.55,169.2667,69.91,88,100,2.3,VU,2022-10-12 15:53:56
282,Ola,59.5833,151.2833,28.15,68,100,5.26,RU,2022-10-12 15:53:57
283,Saint George,37.1041,-113.5841,59.59,41,0,3.44,US,2022-10-12 15:53:57
284,Bom Jesus,-9.0744,-44.3586,100.15,16,5,8.59,BR,2022-10-12 15:53:57
285,Sukhumi,43.0033,41.0153,58.51,69,98,4.65,GE,2022-10-12 15:50:02
286,Bogorodskoye,56.55,37.8833,40.33,92,57,3.04,RU,2022-10-12 15:53:58
287,Portobelo,9.55,-79.65,85.05,79,93,6.51,PA,2022-10-12 15:53:58
288,Tam Ky,15.5667,108.4833,73.71,90,99,5.61,VN,2022-10-12 15:53:59
289,Port Hedland,-20.3167,118.5667,78.85,14,40,12.66,AU,2022-10-12 15:53:59
290,Arman,59.7,150.1667,28.02,66,100,5.03,RU,2022-10-12 15:53:59
291,Quimperle,47.8667,-3.55,61.02,70,20,11.5,FR,2022-10-12 15:54:00
292,Vostok,46.4856,135.8833,32.02,86,68,4.5,RU,2022-10-12 15:54:00
293,Aguimes,27.9054,-15.4461,75.83,53,20,25.32,ES,2022-10-12 15:54:01
294,Tautira,-17.7333,-149.15,75.69,82,35,16.78,PF,2022-10-12 15:54:01
295,Pangnirtung,66.1451,-65.7125,21.2,68,40,5.75,CA,2022-10-12 15:54:01
296,Tuatapere,-46.1333,167.6833,45.23,73,100,0.72,NZ,2022-10-12 15:54:02
297,Tilichiki,60.4667,166.1,26.64,67,100,13.82,RU,2022-10-12 15:54:02
298,Matagalpa,12.9256,-85.9175,79.61,73,75,6.91,NI,2022-10-12 15:54:03
299,San Carlos De Bariloche,-41.1456,-71.3082,46.24,57,20,37.98,AR,2022-10-12 15:51:22
300,Timra,62.487,17.3257,47.68,76,0,8.05,SE,2022-10-12 15:54:03
301,Saiha,22.4833,92.9667,67.96,98,56,2.42,IN,2022-10-12 15:54:04
302,Georgetown,5.4112,100.3354,82.24,82,20,2.3,MY,2022-10-12 15:54:04
303,Port Hueneme,34.1478,-119.1951,71.06,90,75,10.36,US,2022-10-12 15:54:04
304,Saryg-Sep,51.5,95.6,39.94,51,88,1.83,RU,2022-10-12 15:54:05
305,Ishigaki,24.3448,124.1572,78.93,73,75,20.71,JP,2022-10-12 15:54:05
306,Lovozero,68.005,35.0117,40.84,79,100,9.13,RU,2022-10-12 15:54:06
307,Emerald,-23.5333,148.1667,62.35,73,0,11.99,AU,2022-10-12 15:54:06
308,Mugur-Aksy,50.35,90.5,32.65,48,98,5.59,RU,2022-10-12 15:54:06
309,Krasnoselkup,65.7,82.4667,33.06,92,86,11.27,RU,2022-10-12 15:54:07
310,Vanavara,60.34,102.2797,32.65,94,94,7.61,RU,2022-10-12 15:54:07
311,Hervey Bay,-25.2986,152.8535,62.02,89,2,8.01,AU,2022-10-12 15:51:11
312,Nagar Karnul,16.4821,78.3247,75.4,85,100,5.32,IN,2022-10-12 15:54:08
313,Gualeguaychu,-33.0094,-58.5172,81.64,15,11,10.0,AR,2022-10-12 15:51:03
314,Bubaque,11.2833,-15.8333,83.97,67,85,2.04,GW,2022-10-12 15:54:08
315,Altamont,42.2068,-121.7372,53.78,53,0,1.57,US,2022-10-12 15:54:09
316,Villarrica,-25.75,-56.4333,74.32,56,16,2.48,PY,2022-10-12 15:54:09
317,Vagur,61.4732,-6.8119,48.31,71,11,20.38,FO,2022-10-12 15:54:09
318,Ahome,25.9167,-109.1833,83.14,51,0,5.84,MX,2022-10-12 15:54:10
319,Geilo,60.5333,8.2076,45.39,77,100,7.61,NO,2022-10-12 15:54:10
320,Denpasar,-8.65,115.2167,80.26,88,20,2.3,ID,2022-10-12 15:49:38
321,Torbay,47.6666,-52.7314,55.89,66,75,12.66,CA,2022-10-12 15:54:11
322,Soyaux,45.65,0.2,68.23,79,75,4.61,FR,2022-10-12 15:55:11
323,Jiuquan,39.7432,98.5174,49.17,30,100,7.85,CN,2022-10-12 15:55:12
324,Presidencia Roque Saenz Pena,-26.7852,-60.4388,85.77,22,0,0.89,AR,2022-10-12 15:55:12
325,Aranos,-24.1333,19.1167,92.7,8,70,7.31,NA,2022-10-12 15:55:13
326,Venado Tuerto,-33.7456,-61.9688,84.63,12,1,13.38,AR,2022-10-12 15:55:13
327,Pringsewu,-5.3582,104.9744,74.35,96,99,3.18,ID,2022-10-12 15:55:14
328,Burnie,-41.0667,145.9167,57.94,94,100,16.78,AU,2022-10-12 15:55:14
329,Sao Felix Do Xingu,-6.6447,-51.995,94.51,33,53,2.66,BR,2022-10-12 15:55:14
330,Husavik,66.0449,-17.3389,42.21,71,100,7.11,IS,2022-10-12 15:55:15
331,Gigmoto,13.7796,124.39,79.79,83,100,2.91,PH,2022-10-12 15:55:15
332,Strezhevoy,60.7333,77.5889,40.14,75,97,9.15,RU,2022-10-12 15:55:16
333,Nakonde,-9.3421,32.745,71.17,31,67,11.83,ZM,2022-10-12 15:55:16
334,Inverell,-29.7833,151.1167,52.66,84,26,5.01,AU,2022-10-12 15:55:17
335,Paita,-5.0892,-81.1144,69.55,68,64,11.68,PE,2022-10-12 15:55:17
336,Andilamena,-17.0167,48.5833,58.57,90,1,6.87,MG,2022-10-12 15:53:05
337,Tutoia,-2.7619,-42.2744,88.43,52,76,14.56,BR,2022-10-12 15:55:18
338,Lasa,46.6166,10.7002,59.36,82,73,0.56,IT,2022-10-12 15:55:18
339,Elizabeth City,36.2946,-76.2511,75.02,67,25,6.93,US,2022-10-12 15:55:19
340,Palana,59.1167,159.9667,34.75,74,100,15.37,RU,2022-10-12 15:55:20
341,Nuevo Progreso,23.1667,-97.95,84.47,71,100,5.01,MX,2022-10-12 15:55:20
342,Norfolk,42.1668,-71.2495,73.02,53,0,5.75,US,2022-10-12 15:52:29
343,Mineiros,-17.5694,-52.5511,84.52,42,92,7.87,BR,2022-10-12 15:55:20
344,Tianpeng,30.9866,103.9393,59.47,83,100,3.04,CN,2022-10-12 15:55:21
345,Antofagasta,-23.65,-70.4,60.08,67,36,9.46,CL,2022-10-12 15:52:15
346,La Rioja,42.25,-2.5,65.98,60,36,6.62,ES,2022-10-12 15:55:22
347,Pag,44.445,15.0575,68.58,67,86,6.8,HR,2022-10-12 15:55:22
348,Nanortalik,60.1432,-45.2371,32.22,58,26,14.36,GL,2022-10-12 15:55:23
349,Labuan,5.2767,115.2417,80.96,78,20,5.99,MY,2022-10-12 15:55:23
350,Sovetskiy,61.3614,63.5842,39.92,91,95,4.83,RU,2022-10-12 15:55:24
351,La Ronge,55.1001,-105.2842,35.85,60,100,23.02,CA,2022-10-12 15:55:25
352,Arazede,40.2863,-8.65,80.47,63,1,11.95,PT,2022-10-12 15:55:25
353,Camacha,33.0833,-16.3333,69.22,78,40,18.41,PT,2022-10-12 15:55:26
354,Itarema,-2.9248,-39.9167,89.76,49,48,19.73,BR,2022-10-12 15:55:26
355,Salinas,36.6777,-121.6555,58.06,90,100,5.75,US,2022-10-12 15:52:03
356,Gat,31.61,34.7642,77.68,100,85,10.42,IL,2022-10-12 15:55:27
357,Lerwick,60.1545,-1.1494,50.0,77,100,19.39,GB,2022-10-12 15:55:27
358,Sorland,67.667,12.6934,46.26,77,98,20.13,NO,2022-10-12 15:55:28
359,Shingu,33.7333,135.9833,65.12,86,100,8.37,JP,2022-10-12 15:55:28
360,Itatskiy,56.07,89.0369,35.33,98,100,7.9,RU,2022-10-12 15:55:28
361,Huarmey,-10.0681,-78.1522,66.78,72,82,9.84,PE,2022-10-12 15:55:29
362,Kahului,20.8947,-156.47,78.82,77,40,3.44,US,2022-10-12 15:54:34
363,Bilibino,68.0546,166.4372,-5.35,99,88,4.05,RU,2022-10-12 15:55:29
364,Nam Dinh,20.4167,106.1667,71.4,65,43,3.36,VN,2022-10-12 15:50:51
365,Kavaratti,10.5669,72.642,81.66,74,17,6.6,IN,2022-10-12 15:55:30
366,Puksoozero,62.5903,40.6066,40.39,93,86,4.7,RU,2022-10-12 15:56:30
367,Cayenne,4.9333,-52.3333,89.64,62,100,11.5,GF,2022-10-12 15:56:31
368,Berlevag,70.8578,29.0864,46.4,87,100,27.02,NO,2022-10-12 15:56:31
369,Kaitangata,-46.2817,169.8464,37.63,91,24,5.37,NZ,2022-10-12 15:56:31
370,Hilo,19.7297,-155.09,82.27,75,12,1.41,US,2022-10-12 15:55:03
371,Saint Anthony,45.0205,-93.218,58.1,56,40,8.05,US,2022-10-12 15:56:32
372,Alice Springs,-23.7,133.8833,63.95,63,40,19.57,AU,2022-10-12 15:56:32
373,Zyryanka,65.75,150.85,8.22,95,100,2.77,RU,2022-10-12 15:56:33
374,Loa Janan,-0.583,117.095,73.69,94,95,2.77,ID,2022-10-12 15:56:34
375,Naze,28.3667,129.4833,74.32,74,87,15.37,JP,2022-10-12 15:56:34
376,Tocopilla,-22.092,-70.1979,64.38,65,8,6.49,CL,2022-10-12 15:56:35
377,Broken Hill,-31.95,141.4333,61.09,94,100,8.57,AU,2022-10-12 15:55:12
378,Hamilton,39.1834,-84.5333,69.06,76,20,13.8,US,2022-10-12 15:51:51
379,Penzance,50.1186,-5.5371,63.77,93,100,16.44,GB,2022-10-12 15:56:35
380,Nador,35.174,-2.9287,75.27,78,40,11.5,MA,2022-10-12 15:56:36
381,Kirakira,-10.4544,161.9205,78.33,83,13,4.76,SB,2022-10-12 15:56:36
382,Kokoda,-8.8785,147.7407,72.64,91,98,1.48,PG,2022-10-12 15:56:36
383,Ostrovnoy,68.0531,39.5131,43.2,86,85,22.17,RU,2022-10-12 15:56:37
384,Sao Paulo De Olivenca,-3.3783,-68.8725,79.57,92,97,3.71,BR,2022-10-12 15:56:37
385,Alofi,-19.0595,-169.9187,75.09,100,4,5.75,NU,2022-10-12 15:56:38
386,Talant,47.3369,5.0089,61.41,77,0,4.61,FR,2022-10-12 15:56:38
387,Nishihara,26.1842,127.7558,76.28,73,23,12.66,JP,2022-10-12 15:56:38
388,Kungurtug,50.5994,97.5228,31.98,59,24,3.4,RU,2022-10-12 15:56:39
389,Kargasok,59.0556,80.8572,38.23,88,96,11.21,RU,2022-10-12 15:56:39
390,Ulaanbaatar,47.9077,106.8832,26.73,68,0,0.0,MN,2022-10-12 15:56:40
391,Tete,-16.1564,33.5867,91.94,21,0,7.36,MZ,2022-10-12 15:56:40
392,Manzhouli,49.6,117.4333,37.62,57,43,6.33,CN,2022-10-12 15:56:41
393,Ankazobe,-18.3167,47.1167,67.87,35,0,14.05,MG,2022-10-12 15:56:41
394,Bela,25.9333,81.9833,78.28,72,54,4.5,IN,2022-10-12 15:56:41
395,Lorengau,-2.0226,147.2712,79.47,76,99,3.18,PG,2022-10-12 15:56:42
396,Andenes,69.3143,16.1194,40.93,81,75,12.66,NO,2022-10-12 15:56:42
397,Mesen,50.7658,2.8976,62.49,71,78,5.01,BE,2022-10-12 15:56:43
398,Ucluelet,48.9329,-125.5528,48.51,74,58,3.09,CA,2022-10-12 15:56:43
399,Harrison,30.4091,-89.0436,81.05,84,100,10.36,US,2022-10-12 15:56:44
400,Behbahan,30.5959,50.2417,87.13,13,0,12.01,IR,2022-10-12 15:56:44
401,Tiksi,71.6872,128.8694,17.73,88,97,8.88,RU,2022-10-12 15:56:44
402,Mogadishu,2.0371,45.3438,77.4,84,18,15.37,SO,2022-10-12 15:56:45
403,Vila,42.0304,-8.1588,67.69,62,29,5.48,PT,2022-10-12 15:56:45
404,Whitianga,-36.8333,175.7,55.18,87,100,4.27,NZ,2022-10-12 15:56:46
405,Shelburne,44.0787,-80.2041,60.76,66,100,15.82,CA,2022-10-12 15:56:46
406,Grand Gaube,-20.0064,57.6608,72.37,64,0,5.99,MU,2022-10-12 15:56:46
407,Rindal,63.0565,9.2124,45.57,73,94,3.38,NO,2022-10-12 15:56:47
408,Murdochville,48.9583,-65.5006,47.28,54,9,5.48,CA,2022-10-12 15:56:47
409,Ust-Omchug,61.15,149.6333,13.53,92,100,1.48,RU,2022-10-12 15:56:48
410,Sugar Land,29.6197,-95.6349,87.22,76,40,1.99,US,2022-10-12 15:53:48
411,San Cristobal Acasaguastlan,14.9167,-89.8833,80.15,76,89,0.09,GT,2022-10-12 15:56:48
412,Ilhabela,-23.7781,-45.3581,76.68,79,42,3.85,BR,2022-10-12 15:56:48
413,Gambiran,-6.7988,111.4951,76.19,81,86,5.75,ID,2022-10-12 15:57:49
414,Berberati,4.2612,15.7922,75.74,88,45,1.66,CF,2022-10-12 15:56:32
415,Gazanjyk,39.2446,55.5154,68.58,44,1,4.9,TM,2022-10-12 15:57:49
416,Yarkovo,57.4028,67.0786,42.4,72,13,5.28,RU,2022-10-12 15:57:50
417,Havoysund,70.9963,24.6622,46.63,81,94,30.62,NO,2022-10-12 15:57:50
418,Copperas Cove,31.1241,-97.9031,82.92,63,1,14.63,US,2022-10-12 15:57:51
419,Tortoli,39.9256,9.6572,68.38,87,99,5.7,IT,2022-10-12 15:57:51
420,Benguela,-12.5763,13.4055,77.18,71,21,7.78,AO,2022-10-12 15:57:51
421,Bima,-8.4667,118.7167,77.38,87,82,5.01,ID,2022-10-12 15:57:52
422,Manassas Park,38.784,-77.4697,68.59,66,49,4.0,US,2022-10-12 15:57:52
423,San Rafael,-34.6177,-68.3301,70.66,22,31,4.47,AR,2022-10-12 15:55:27
424,Klaksvik,62.2266,-6.589,49.12,74,9,21.99,FO,2022-10-12 15:57:53
425,Biggar,55.6167,-3.5167,53.38,86,55,11.81,GB,2022-10-12 15:57:53
426,Ca Mau,9.1769,105.15,75.11,93,100,4.09,VN,2022-10-12 15:57:54
427,Panguna,-6.3164,155.4848,68.32,95,93,1.16,PG,2022-10-12 15:57:54
428,Pucallpa,-8.3791,-74.5539,89.64,58,20,8.05,PE,2022-10-12 15:57:55
429,Acapulco,16.8634,-99.8901,82.08,77,93,2.24,MX,2022-10-12 15:57:55
430,Margate,51.3813,1.3862,61.3,75,49,4.0,GB,2022-10-12 15:57:55
431,Port Augusta,-32.5,137.7667,53.31,93,100,8.32,AU,2022-10-12 15:57:56
432,Mora,11.0461,14.1401,80.64,67,82,9.84,CM,2022-10-12 15:57:56
433,Celestun,20.8667,-90.4,83.26,73,96,5.61,MX,2022-10-12 15:57:57
434,Termiz,37.2242,67.2783,62.69,34,0,0.0,UZ,2022-10-12 15:57:57
435,Rio Gallegos,-51.6226,-69.2181,44.65,36,75,37.98,AR,2022-10-12 15:57:57
436,Guadalupe,25.6833,-100.25,78.21,72,8,2.46,MX,2022-10-12 15:56:47
437,Lima,-12.0432,-77.0282,65.89,74,100,8.05,PE,2022-10-12 15:56:42
438,Fuzhou,26.0614,119.3061,71.49,68,94,5.82,CN,2022-10-12 15:57:58
439,Narsaq,60.9167,-46.05,25.21,61,16,4.16,GL,2022-10-12 15:57:58
440,Chimbote,-9.0853,-78.5783,66.07,73,64,9.73,PE,2022-10-12 15:55:05
441,Ambagarh Chauki,20.7833,80.7167,72.21,93,33,1.14,IN,2022-10-12 15:57:59
442,Mgandu,-5.95,34.1333,73.38,24,19,7.29,TZ,2022-10-12 15:57:59
443,Lesosibirsk,58.2358,92.4828,37.36,89,100,7.49,RU,2022-10-12 15:58:00
444,Ponta Delgada,37.7333,-25.6667,74.12,64,75,5.75,PT,2022-10-12 15:58:00
445,Bissau,11.8636,-15.5977,89.71,58,20,6.91,GW,2022-10-12 15:58:01
446,Harsin,34.2721,47.5861,70.61,16,0,2.3,IR,2022-10-12 15:58:01
447,Turayf,31.6725,38.6637,82.65,20,0,6.91,SA,2022-10-12 15:58:02
448,Fort Nelson,58.8053,-122.7002,33.39,59,75,2.3,CA,2022-10-12 15:58:02
449,Pacocha,-17.5833,-71.3333,60.94,77,100,9.22,PE,2022-10-12 15:58:02
450,Auki,-8.7676,160.7034,75.85,86,76,4.09,SB,2022-10-12 15:58:03
451,Buchanan,5.8808,-10.0467,78.51,82,100,4.56,LR,2022-10-12 15:58:03
452,Santa,17.486,120.4348,74.75,94,100,5.88,PH,2022-10-12 15:58:03
453,Zanjan,36.6736,48.4787,64.09,36,0,11.5,IR,2022-10-12 15:58:04
454,Aban,56.67,96.06,38.5,92,100,7.34,RU,2022-10-12 15:58:04
455,Marshfield,44.6689,-90.1718,47.44,80,100,13.76,US,2022-10-12 15:55:24
456,Pingyi,35.5006,117.6308,53.11,65,75,5.41,CN,2022-10-12 15:58:05
457,Ozernovskiy,51.5,156.5167,45.82,94,100,39.48,RU,2022-10-12 15:58:05
458,Ilo,-17.6394,-71.3375,61.66,77,100,9.22,PE,2022-10-12 15:58:06
459,Tambacounda,13.7539,-13.7586,96.85,49,20,6.91,SN,2022-10-12 15:58:07
460,Dickinson,29.4608,-95.0513,87.17,78,0,1.01,US,2022-10-12 15:59:07
461,Daman,20.4167,72.85,80.96,81,100,4.76,IN,2022-10-12 15:59:07
462,Jinxiang,27.4327,120.6062,66.0,67,93,12.44,CN,2022-10-12 15:59:08
463,General Roca,-39.0333,-67.5833,66.54,23,100,31.03,AR,2022-10-12 15:59:08
464,Geraldton,-28.7667,114.6,50.41,76,0,9.22,AU,2022-10-12 15:59:09
465,Matara,5.9485,80.5353,77.63,89,100,8.52,LK,2022-10-12 15:59:09
466,Lodja,-3.4833,23.4333,74.26,80,96,2.82,CD,2022-10-12 15:59:09
467,Port-Gentil,-0.7193,8.7815,84.16,70,20,13.8,GA,2022-10-12 15:59:10
468,Viseu,40.661,-7.9097,79.74,32,1,1.7,PT,2022-10-12 15:59:10
469,Goure,13.9835,10.2704,96.51,16,8,16.75,NE,2022-10-12 15:59:11
470,Mbale,1.0821,34.175,70.68,74,62,6.31,UG,2022-10-12 15:59:11
471,Haines Junction,60.7522,-137.5108,33.75,75,100,4.61,CA,2022-10-12 15:59:11
472,Fenoarivo,-18.933,47.4354,66.27,52,20,12.66,MG,2022-10-12 15:59:12
473,Troyes,48.3333,4.0833,65.17,68,20,4.61,FR,2022-10-12 15:59:13
474,Filingue,14.3521,3.3168,100.29,11,1,13.58,NE,2022-10-12 15:59:13
475,Punta Ocote,15.2,-87.2833,75.0,88,40,4.61,HN,2022-10-12 15:59:14
476,Oinoi,38.3235,23.6101,72.12,53,30,7.0,GR,2022-10-12 15:59:14
477,Banes,20.9625,-75.7186,87.31,60,87,14.52,CU,2022-10-12 15:59:14
478,Wajid,3.8093,43.2471,85.91,40,100,12.86,SO,2022-10-12 15:59:15
479,Smolensk,55.0,33.0,46.81,70,96,5.77,RU,2022-10-12 15:59:15
480,Calama,-22.4667,-68.9333,64.89,7,0,6.91,CL,2022-10-12 15:59:16
481,Karasjok,69.4719,25.5112,38.34,78,78,24.79,NO,2022-10-12 15:59:16
482,Cherskiy,68.75,161.3,3.15,93,49,6.46,RU,2022-10-12 15:59:16
483,Ust-Kuyga,70.0167,135.6,-2.13,99,22,5.39,RU,2022-10-12 15:59:17
484,Shache,38.4167,77.2406,64.71,17,0,6.78,CN,2022-10-12 15:59:17
485,Mandurah,-32.55,115.7,49.23,70,0,10.04,AU,2022-10-12 15:59:18
486,Hasaki,35.7333,140.8333,70.21,65,100,20.78,JP,2022-10-12 15:59:18
487,Methoni,36.8197,21.7049,75.06,71,21,6.69,GR,2022-10-12 15:59:19
488,Ashukino,56.16,37.95,42.76,92,88,4.05,RU,2022-10-12 15:59:19
489,Trinidad,-14.8333,-64.9,80.58,61,75,4.61,BO,2022-10-12 15:59:19
490,Vestmanna,62.1564,-7.1664,47.32,71,20,14.97,FO,2022-10-12 15:59:20
491,Ekangala,-25.6962,28.7492,86.31,21,19,16.06,ZA,2022-10-12 15:59:20
492,Terrace Bay,48.7834,-87.1,51.87,98,100,18.5,CA,2022-10-12 15:59:21
493,Saint-Joseph,-21.3667,55.6167,71.98,71,14,11.63,RE,2022-10-12 15:56:58
494,Oytal,42.9057,73.2697,59.81,17,0,4.83,KZ,2022-10-12 15:59:21
495,Kholmskaya,44.846,38.389,53.22,71,81,4.88,RU,2022-10-12 15:59:22
496,Labuhan,-6.8844,112.2051,78.51,79,54,7.16,ID,2022-10-12 15:59:22
497,Palmer,42.1584,-72.3287,70.34,54,60,1.01,US,2022-10-12 15:56:52
498,Port Pirie,-33.1833,138.0167,53.46,95,100,3.38,AU,2022-10-12 15:59:22
499,Krechevitsy,58.617,31.401,44.17,79,19,5.37,RU,2022-10-12 15:59:23
500,Ofaqim,31.3141,34.6203,74.71,62,95,11.79,IL,2022-10-12 15:59:23
501,Aleksandrow Kujawski,52.8766,18.6935,55.38,86,40,2.01,PL,2022-10-12 15:59:24
502,Karratha,-20.7377,116.8463,74.91,18,95,20.15,AU,2022-10-12 15:59:25
503,Lewistown,40.5992,-77.5714,66.15,59,0,5.75,US,2022-10-12 15:59:25
504,Maragogi,-9.0122,-35.2225,81.37,61,100,12.01,BR,2022-10-12 15:59:26
505,Kalabo,-14.97,22.6814,90.63,15,85,6.69,ZM,2022-10-12 15:59:26
506,Nipawin,53.3668,-104.0009,37.44,60,100,19.57,CA,2022-10-12 15:59:27
507,Beringovskiy,63.05,179.3167,29.08,60,5,1.79,RU,2022-10-12 15:59:27
508,Limon,10.0,-83.0333,80.06,69,100,8.88,CR,2022-10-12 16:00:29
509,Inverness,57.4791,-4.224,54.79,68,40,10.36,GB,2022-10-12 16:00:30
510,Coos Bay,43.3665,-124.2179,59.94,62,17,3.33,US,2022-10-12 15:57:08
511,Lyuban,52.7985,28.0048,50.95,60,98,5.79,BY,2022-10-12 16:00:31
512,Sept-Iles,50.2001,-66.3821,50.05,74,75,6.91,CA,2022-10-12 15:55:40
513,Campoverde,-8.4753,-74.8058,96.33,36,75,4.79,PE,2022-10-12 16:00:31
514,Arlit,18.7369,7.3853,98.13,9,0,6.58,NE,2022-10-12 16:00:32
515,Colombia,20.9881,-77.4297,88.21,57,99,11.95,CU,2022-10-12 16:00:32
516,Umm Kaddadah,13.6017,26.6876,94.17,18,94,13.18,SD,2022-10-12 16:00:33
517,Kamaishi,39.2667,141.8833,59.4,72,100,5.91,JP,2022-10-12 16:00:33
518,Zhezkazgan,47.8043,67.7144,53.76,21,100,9.17,KZ,2022-10-12 16:00:33
519,Lappeenranta,61.0587,28.1887,42.85,75,0,5.75,FI,2022-10-12 16:00:34
520,Ushtobe,45.2514,77.9838,52.74,28,2,8.86,KZ,2022-10-12 16:00:34
521,Quelimane,-17.8786,36.8883,76.75,74,0,9.06,MZ,2022-10-12 16:00:35
522,Ranong,9.9658,98.6348,77.77,83,83,1.59,TH,2022-10-12 16:00:35
523,Songadh,21.1667,73.5667,79.27,79,100,1.79,IN,2022-10-12 16:00:36
524,Ust-Maya,60.4167,134.5333,22.06,95,56,2.55,RU,2022-10-12 16:00:37
525,Brae,60.3964,-1.353,50.2,77,99,18.61,GB,2022-10-12 16:00:38
526,Champerico,14.3,-91.9167,81.64,79,92,2.84,GT,2022-10-12 16:00:38
527,Chaman,30.9236,66.4512,64.74,8,0,2.98,PK,2022-10-12 16:00:20
528,Staraya Russa,57.9944,31.3608,44.19,78,9,5.39,RU,2022-10-12 16:00:39
529,Springbok,-29.6643,17.8865,82.85,23,97,12.46,ZA,2022-10-12 16:00:39
530,Santa Cruz,-17.8,-63.1667,69.1,64,89,2.68,BO,2022-10-12 16:00:40
531,Zhanakorgan,43.9098,67.2495,59.72,17,43,5.59,KZ,2022-10-12 16:00:40
532,Verkhoyansk,67.5447,133.385,-2.07,100,77,1.43,RU,2022-10-12 16:00:41
533,Kaspiyskiy,45.3929,47.3707,59.32,59,91,12.8,RU,2022-10-12 16:00:41
534,Najran,17.4924,44.1277,77.0,17,0,9.73,SA,2022-10-12 16:00:22
535,Caete,-19.88,-43.6697,87.35,22,20,7.63,BR,2022-10-12 16:00:42
536,Mangrol,21.1167,70.1167,83.14,73,71,3.71,IN,2022-10-12 16:00:43
537,Svarstad,59.399,9.9698,53.71,50,80,1.99,NO,2022-10-12 16:00:44
538,Mandali,33.7499,45.5541,81.45,17,0,8.97,IQ,2022-10-12 16:00:44
539,Oliveira Dos Brejinhos,-12.3169,-42.8961,94.84,17,3,8.57,BR,2022-10-12 16:00:44
540,Waitati,-45.75,170.5667,45.81,87,100,5.5,NZ,2022-10-12 16:00:45
541,Kota Belud,6.351,116.4305,77.47,86,100,10.6,MY,2022-10-12 16:00:46
542,Irituia,-1.7711,-47.4381,95.92,37,43,4.85,BR,2022-10-12 16:00:46
543,Kizner,56.2749,51.508,51.44,80,99,3.85,RU,2022-10-12 16:00:46
544,Haapiti,-17.5667,-149.8667,73.13,77,4,15.97,PF,2022-10-12 16:00:47
545,Alta Floresta,-9.8756,-56.0861,85.14,52,98,3.69,BR,2022-10-12 16:00:15
546,Belaya Gora,68.5333,146.4167,8.46,86,52,1.7,RU,2022-10-12 16:00:47
547,Khvastovichi,53.4694,35.0941,43.77,88,24,6.06,RU,2022-10-12 16:00:48
548,Atambua,-9.1061,124.8925,75.54,86,99,3.58,ID,2022-10-12 16:00:48
549,Namikupa,-10.8333,39.6,75.56,59,13,8.43,TZ,2022-10-12 16:00:49
550,Opochka,56.7105,28.6617,44.04,78,17,4.52,RU,2022-10-12 16:00:49
551,Ambanja,-13.6833,48.45,74.16,68,8,3.56,MG,2022-10-12 16:00:50
552,Griffith,41.5284,-87.4237,62.26,91,100,16.11,US,2022-10-12 16:00:50
553,Bulgan,48.8125,103.5347,33.39,67,11,4.38,MN,2022-10-12 16:00:51
554,Bambanglipuro,-7.95,110.2833,76.3,89,31,4.59,ID,2022-10-12 16:00:51
555,Sebina,-20.8667,27.25,86.76,8,0,11.99,BW,2022-10-12 16:00:52
556,Moose Factory,51.2585,-80.6094,61.32,70,58,11.41,CA,2022-10-12 16:01:52
557,Hami,42.8,93.45,51.42,45,90,4.92,CN,2022-10-12 16:01:53
558,Tarboro,35.8968,-77.5358,75.09,60,0,0.0,US,2022-10-12 16:01:53
559,Gorgan,36.8387,54.4348,71.56,68,75,6.91,IR,2022-10-12 16:01:53
560,Talnakh,69.4865,88.3972,25.74,94,33,8.14,RU,2022-10-12 16:01:54
561,San Quintin,30.4833,-115.95,68.04,78,99,7.83,MX,2022-10-12 16:01:54
562,Hambantota,6.1241,81.1185,79.14,89,40,2.3,LK,2022-10-12 16:01:55
563,Praia Da Vitoria,38.7333,-27.0667,75.76,81,17,8.66,PT,2022-10-12 16:01:55
564,Fort-De-France,14.6089,-61.0733,87.75,70,40,16.11,MQ,2022-10-12 16:00:12
565,Natchitoches,31.7668,-93.1335,79.65,78,100,5.75,US,2022-10-12 16:01:55
566,Lamu,-2.2717,40.902,77.22,79,4,14.23,KE,2022-10-12 16:01:56
567,Santiago Del Estero,-27.7951,-64.2615,83.21,15,3,10.56,AR,2022-10-12 15:57:59
568,Nekrasovka,48.3525,135.2325,37.42,64,0,4.47,RU,2022-10-12 16:01:56
569,Yaan,7.3833,8.5667,81.14,79,93,2.06,NG,2022-10-12 16:01:57
570,Hoyanger,61.2204,6.0749,45.48,90,100,6.04,NO,2022-10-12 16:01:57
571,Bumba,2.1833,22.4667,80.29,70,93,3.06,CD,2022-10-12 16:01:58
